domain,competition,bucket,rank,path,suffix,sha256,size_bytes,code_chars,markdown_chars,code_lines,code_cells,markdown_cells,good_hits,bad_hits,score,quality,reasons
Audio,birdclef-2021,1st,16,Audio/birdclef-2021/rank16_1st/kneroma-secondary-labels.ipynb,.ipynb,c5319ff352cd6e7e06d982055ad25cc5b798ce125d2038aa36470449f8dce3c2,17399,8703,646,214,33,9,5,0,72,strong,
Audio,birdclef-2021,10pct,34,Audio/birdclef-2021/rank34_10pct/birdclef23-pretraining-is-all-you-need-train.ipynb,.ipynb,4b22dba42600eeded2a989e9be0fc88007be98fe9eebc669d16e3d73d2b6add4,94689,53405,12023,998,50,59,8,0,73,strong,
Audio,birdclef-2021,20pct,130,Audio/birdclef-2021/rank130_20pct/birdclef-2020-2025-all-training-extra-npy-dataset.ipynb,.ipynb,afae84a51c019bd1b4363275051e99dac78d1029f08a423c4591b90bbd61e614,16882,8105,300,133,20,2,1,0,43,usable,
Audio,birdclef-2021,40pct,295,Audio/birdclef-2021/rank295_40pct/birdclef-21-22-23-data-cleaning.ipynb,.ipynb,c8aa4a787889df34649204906c5ee4738a32b555498d37e10427e315e6fe1dd9,21613,5980,3504,97,29,15,1,0,43,usable,
Audio,birdclef-2021,70pct,398,Audio/birdclef-2021/rank398_70pct/clean-fast-simple-bird-identifier-20210502.ipynb,.ipynb,1ec6dddd8ddf5c72cf3dd61cde5c8fb9c01fa563a8668b36c08e8b35716cda8e,17032,8156,646,206,35,9,5,0,67,strong,
Audio,birdclef-2022,1st,1,Audio/birdclef-2022/rank1_1st/birdnet-inference.ipynb,.ipynb,debcebbb49dae19404e880fdb4b75f5a1030369d598c67d7e71df4ce134f114b,4595,1697,829,27,12,3,2,0,38,usable,
Audio,birdclef-2022,10pct,80,Audio/birdclef-2022/rank80_10pct/hawaii-train-nhah.ipynb,.ipynb,1a4cb603cf92c3fa0ae28385faf3a2a5c7cebda79ed9b26a73d15d8f3f7c38ba,38461,35283,0,781,20,0,5,0,61,strong,
Audio,birdclef-2022,20pct,175,Audio/birdclef-2022/rank175_20pct/birdclef2022pytorch-tpu-doesnt-work-what-is-wrong.ipynb,.ipynb,18337bfe4e89d0ff4abb325c5228e74decea134b03008acd3723c5be68d62980,48303,36086,721,847,29,9,5,0,67,strong,
Audio,birdclef-2022,40pct,331,Audio/birdclef-2022/rank331_40pct/birdclef-random-guess-baseline.ipynb,.ipynb,aff5076d7702e999d2ec98f468a8b830b82d2c18082579c4556ab33a4b31a27a,5252,2360,90,28,6,1,2,1,21,weak,bad_keyword
Audio,birdclef-2022,70pct,555,Audio/birdclef-2022/rank555_70pct/birdclef2022-simple-starter-code-error-analysis.ipynb,.ipynb,594f7e31211f2f5bdac14a6d786d0ba60c06c9384b56f6b7ac5a119957f663de,14768,4900,2372,101,19,8,2,1,37,usable,bad_keyword
Audio,birdclef-2023,1st,2,Audio/birdclef-2023/rank2_1st/bird-clef-2023-inference-v1.ipynb,.ipynb,b9a4ec9b368f94d2f418b6ad55ad98ebd6f288942612e2c7e4713c635b75a329,26003,13138,117,204,31,9,2,0,54,strong,
Audio,birdclef-2023,10pct,113,Audio/birdclef-2023/rank113_10pct/google-bird-model-embeddings-predictions-score.ipynb,.ipynb,16a69a2d54637ac53252011de1e27c3b1836019379647e640c9beefab4d96c18,11520,6165,166,134,12,4,3,0,55,strong,
Audio,birdclef-2023,20pct,197,Audio/birdclef-2023/rank197_20pct/baseline-clf.ipynb,.ipynb,7e77c0297404440fcc406bc7563e42f20ebf899990028286fdfb14d3c5a5e8ea,43746,15166,5893,362,32,24,5,0,67,strong,
Audio,birdclef-2023,40pct,437,Audio/birdclef-2023/rank437_40pct/notedta-2.ipynb,.ipynb,1e5960154270d3736ee70e5d380618db6bd6126d55c79aaa584ec5055dffb56e,17212,11332,0,242,13,0,2,0,43,usable,
Audio,birdclef-2023,70pct,779,Audio/birdclef-2023/rank779_70pct/transform-yamnet-log-mel-to-tfrecord.ipynb,.ipynb,5b5b6bd9e86ca15f175c3f23ce227053de1cff9d947a664889b904202dd31c59,15413,7651,0,164,23,0,4,0,55,strong,
Audio,freesound-audio-tagging-2019,1st,100,Audio/freesound-audio-tagging-2019/rank100_1st/cnn-2d-basic-solution-powered-by-fast-ai.ipynb,.ipynb,0aff22834e04426098c2f827d2287861e7b5e708bed6bf1256d1391e83b2db13,19301,13196,2517,251,23,9,4,0,66,strong,
Audio,freesound-audio-tagging-2019,10pct,43,Audio/freesound-audio-tagging-2019/rank43_10pct/sample-submission-all-random.ipynb,.ipynb,b05505b6748b253b9498fabe6503b70aafacf360612426617dad4a7dd46aba6f,14636,329,0,7,2,0,1,3,-67,reject,too_short;bad_keyword;submission_only
Audio,freesound-audio-tagging-2019,20pct,100,Audio/freesound-audio-tagging-2019/rank100_20pct/cnn-2d-basic-solution-powered-by-fast-ai.ipynb,.ipynb,0aff22834e04426098c2f827d2287861e7b5e708bed6bf1256d1391e83b2db13,19301,13196,2517,251,23,9,4,0,61,strong,
Audio,freesound-audio-tagging-2019,40pct,173,Audio/freesound-audio-tagging-2019/rank173_40pct/fat-2019-80-place-public-lb-solution-lwlrap-70-2.ipynb,.ipynb,b8099f57eecce289efdcd5b29b28bf7bcab4c3ee5b4832a781315afcdbb96f72,15751,11920,886,227,19,4,8,0,73,strong,
Audio,freesound-audio-tagging-2019,70pct,275,Audio/freesound-audio-tagging-2019/rank275_70pct/simple-2d-cnn-classifier-with-pytorch.ipynb,.ipynb,7b5e42a7a06bfd5607125e79c14e6ae54ce33fab52bed8edcac3e246240d9f4e,17483,13790,65,303,25,6,4,0,61,strong,
Audio,rfcx-species-audio-detection,1st,3,Audio/rfcx-species-audio-detection/rank3_1st/rfcx-minimal.ipynb,.ipynb,6b5394513baa1543ae1fc7e7f05ca4c10939ff3c50162a91dc4abd155036c3f3,36219,28024,1635,608,17,6,6,0,78,strong,
Audio,rfcx-species-audio-detection,10pct,103,Audio/rfcx-species-audio-detection/rank103_10pct/inverse-stft.ipynb,.ipynb,2aabf9310747c8c785e163d3b97afec4d66eb71b0acc3b5e0113689ebd248fa0,17754,7795,2757,204,16,13,3,0,55,strong,
Audio,rfcx-species-audio-detection,20pct,181,Audio/rfcx-species-audio-detection/rank181_20pct/rainforest-write-up.ipynb,.ipynb,49ef349d2856b6c55caf5298b8122489565e8ba8d6ab73a3abeddb03e0726569,25253,20309,2648,392,9,8,5,2,43,usable,bad_keyword
Audio,rfcx-species-audio-detection,40pct,452,Audio/rfcx-species-audio-detection/rank452_40pct/rfcx-train-resnet50-with-tpu.ipynb,.ipynb,dcda42fb00bf752f0ab272a7a5cdebbd3d5699c6e3f5d6c700637c1a21fa61ec,33737,26693,894,577,42,15,6,0,73,strong,
Audio,rfcx-species-audio-detection,70pct,575,Audio/rfcx-species-audio-detection/rank575_70pct/recensementoiseauxamazonie.ipynb,.ipynb,dc1337a7b125a453750b20cb65ad07f9dd76800b72bec89ca7da424c5c8c54bf,41892,31927,2564,630,17,15,5,0,67,strong,
CV,cassava-leaf-disease-classification,1st,1,CV/cassava-leaf-disease-classification/rank1_1st/cassava-leaf-disease-resnext50.ipynb,.ipynb,852806da7b30b1d2d478a72d18715dea91fc1ec8b8f85a1d05debc016e0842f5,16162,12987,1119,296,11,1,4,0,66,strong,
CV,cassava-leaf-disease-classification,10pct,385,CV/cassava-leaf-disease-classification/rank385_10pct/analyze-your-model-performance-by-confusion-matrix.ipynb,.ipynb,1c0d7e8f284f0cc0c2b3ec450e7a76c2dcb85852c108c3e84411d59f2b627e18,2782,1051,73,21,11,2,1,0,27,usable,
CV,cassava-leaf-disease-classification,20pct,780,CV/cassava-leaf-disease-classification/rank780_20pct/efn-resnext-vit-ensemble-inference.ipynb,.ipynb,20c2cb9f3f20d5b557297e78832a57a6ec9a16d92ec7dd72f0639a6043bdeb33,9469,6979,438,160,10,11,4,0,61,strong,
CV,cassava-leaf-disease-classification,40pct,1556,CV/cassava-leaf-disease-classification/rank1556_40pct/very-simple-notebook-keras-densenet-gpu.ipynb,.ipynb,12f4e51d7b4602b81922657228003dede77202d28a41e244ad1fa51ba5a0e8a7,6761,4247,90,114,17,6,5,0,67,strong,
CV,cassava-leaf-disease-classification,70pct,2727,CV/cassava-leaf-disease-classification/rank2727_70pct/cassava-leaf-disease.ipynb,.ipynb,3b2db449dc854801a2dc25b0ba8523805a143cccbf5d33b449bea113cbabf5bc,13028,6627,2454,136,26,15,5,0,67,strong,
CV,digit-recognizer,1st,8,CV/digit-recognizer/rank8_1st/digit-recognizer-cnn-public-mnist-variants.ipynb,.ipynb,aa3a8bdc3b44131fb893a0cea3d4c17d57af8b6790d31d73cad59ab132991554,9236,7807,459,192,5,1,5,0,64,strong,
CV,digit-recognizer,10pct,164,CV/digit-recognizer/rank164_10pct/digit-recognizer-cnn.ipynb,.ipynb,1aae42c409b7fed7c30b254413165fbdd03f6a1d13e12c6b659ef893630b4482,13079,5477,461,140,14,13,7,0,73,strong,
CV,digit-recognizer,20pct,374,CV/digit-recognizer/rank374_20pct/cnn-scratch-vs-lenet-5-digit-classification.ipynb,.ipynb,5f7e97c8ce8a0e68c10c21aa2b12a0fc7aa025888890a44b0b11821f96476626,19087,8011,512,221,23,17,6,0,73,strong,
CV,digit-recognizer,40pct,567,CV/digit-recognizer/rank567_40pct/sine-multi-scale-cnn-99-1399-params-11-class.ipynb,.ipynb,b3819c1e22cac4125837ad77c706119dc95cac3b9d4ba0b6f407ce40fa69a419,15597,10461,0,231,11,0,4,0,55,strong,
CV,digit-recognizer,70pct,1063,CV/digit-recognizer/rank1063_70pct/digitrecognizer.ipynb,.ipynb,d2bd1c31682298e692470d0fa1655eb21d7454de54b80df2bdc041a9ebe06f94,7678,3615,356,79,7,6,7,0,65,strong,
CV,humpback-whale-identification,1st,4,CV/humpback-whale-identification/rank4_1st/visualisation-of-siamese-net.ipynb,.ipynb,ab1c33f0f842e315a4f2d0ebb5a4cfa27c2b89076cb87a8105a4ffbf308f0124,11694,8370,1035,188,5,9,4,0,58,strong,
CV,humpback-whale-identification,10pct,316,CV/humpback-whale-identification/rank316_10pct/whale-ensemble-lb-0-866.ipynb,.ipynb,fed554415e40655c29eed5bcbb0be1831d3ca9b1a70f73cb6195e536936f8810,3142,1641,0,41,7,0,1,0,17,weak,thin_ensemble
CV,humpback-whale-identification,20pct,461,CV/humpback-whale-identification/rank461_20pct/esemble-lb-0-842.ipynb,.ipynb,f3f7661a746e99eb4924b600bedf61fd32f8cc27e8bc6bb3e7910a28d94fa8f3,3184,1583,440,45,4,1,2,0,33,usable,
CV,humpback-whale-identification,40pct,774,CV/humpback-whale-identification/rank774_40pct/triplet-loss-from-pretrained-siamese-net-0-76.ipynb,.ipynb,6e52eab58b51903c907606a310d88e1f44e4eb8dcd9136870b472720ab4d84f8,125798,119226,509,2063,8,8,5,0,67,strong,
CV,humpback-whale-identification,70pct,1473,CV/humpback-whale-identification/rank1473_70pct/fishing-whales.ipynb,.ipynb,95c366fe6e975af6e47aea43847192a55ad01a6d9d1dcee3a2459b57a8979e59,21743,8068,0,77,89,0,6,0,59,strong,
CV,imaterialist-challenge-fashion-2018,1st,3,CV/imaterialist-challenge-fashion-2018/rank3_1st/download-images-using-r.R,.R,33269e19dc57407918b6712b5026868f6d188e1fea16cff508079e4be0ba9669,1144,1144,0,38,1,0,0,1,9,reject,bad_keyword
CV,imaterialist-challenge-fashion-2018,10pct,3,CV/imaterialist-challenge-fashion-2018/rank3_10pct/download-images-using-r.R,.R,33269e19dc57407918b6712b5026868f6d188e1fea16cff508079e4be0ba9669,1144,1144,0,38,1,0,0,1,4,reject,bad_keyword
CV,imaterialist-challenge-fashion-2018,20pct,45,CV/imaterialist-challenge-fashion-2018/rank45_20pct/download-image-progress-resume-multiprocessing.py,.py,37a18a823938f16dbe6eae01aef69f914105ff073dd4b42d7a6aaf0337e6e16e,2894,2894,0,66,1,0,0,2,-8,reject,bad_keyword
CV,imaterialist-challenge-fashion-2018,40pct,84,CV/imaterialist-challenge-fashion-2018/rank84_40pct/simplest-multithreading-downloader.py,.py,a3c796756fda44b558d17cd71e765f93eda0f20bb0a668e321fe05a307d80d05,1629,1629,0,31,1,0,0,2,-20,reject,bad_keyword
CV,imaterialist-challenge-fashion-2018,70pct,171,CV/imaterialist-challenge-fashion-2018/rank171_70pct/download-datasets-to-your-google-drive.ipynb,.ipynb,16bbe8e4e9199b38adc540bf2e9eb47b0f750341865a0a67bbcea17f2ec3260c,9375,4211,1517,68,9,6,1,5,-25,reject,bad_keyword
CV,tgs-salt-identification-challenge,1st,4,CV/tgs-salt-identification-challenge/rank4_1st/know-your-opponents-well.ipynb,.ipynb,732bf6000184ebe2b93ec00f6febcd4f55729ef2faf01c2e74a5dbb44d877ab2,2753,826,0,12,10,0,1,0,26,usable,
CV,tgs-salt-identification-challenge,10pct,284,CV/tgs-salt-identification-challenge/rank284_10pct/data-generator-with-shift-and-mirror-augmentation.ipynb,.ipynb,fe60bf0965221d540bd9967fcc0ab0333586bc9cb8b08c75e095b757a5c2802f,2114,1233,56,33,2,1,1,0,19,weak,
CV,tgs-salt-identification-challenge,20pct,687,CV/tgs-salt-identification-challenge/rank687_20pct/tgs-resnet-final1.ipynb,.ipynb,78604f6ba863c3cdcd136df7031921ee725ada5e60f5f54a0fa3a510ff189677,32665,20363,1204,429,50,24,7,0,73,strong,
CV,tgs-salt-identification-challenge,40pct,1247,CV/tgs-salt-identification-challenge/rank1247_40pct/u-net-image-segmentation.ipynb,.ipynb,cca4bb9583d2639f0a804138fdfe917b0ca9b527be7e54c234d2d81cd0ee02f0,10124,6796,186,124,22,4,4,1,49,strong,bad_keyword
CV,tgs-salt-identification-challenge,70pct,1908,CV/tgs-salt-identification-challenge/rank1908_70pct/tgs-wj.ipynb,.ipynb,31cd5aaf7fa8c315034e8d4de32a88ac3a887ba332d3be3a42fb732a742c156c,21996,13623,657,269,37,13,6,0,73,strong,
GenAI,drawing-with-llms,1st,1,GenAI/drawing-with-llms/rank1_1st/new-team-name-1st-place-solution.ipynb,.ipynb,0ad754e2514ce4fe4b824e1623ead4134af1467b8f0aaa465ffe32ae99ac7dc0,35570,29183,109,679,11,6,4,0,66,strong,
GenAI,drawing-with-llms,10pct,123,GenAI/drawing-with-llms/rank123_10pct/drawing-with-llms-sdxl-turbo-v2.ipynb,.ipynb,567ffb495853b0550490bcfce6516404cfc9be757b0cdc87b39737d9bfb8847d,179839,40175,603,638,37,9,4,0,61,strong,
GenAI,drawing-with-llms,20pct,249,GenAI/drawing-with-llms/rank249_20pct/getting-old-school-with-gemma-2b-it.ipynb,.ipynb,4343db9e554c57c5258297ba909b378e26d81a61dd6ff6a7791d2ef5f70b1e49,14495,11390,0,207,5,0,4,1,35,usable,bad_keyword
GenAI,drawing-with-llms,40pct,507,GenAI/drawing-with-llms/rank507_40pct/lb-0-52-sd-svg-conversion-using-vtracer.ipynb,.ipynb,ddda572e42040ddad8e081817a526dcb3e8d24ed3ed9ea8dda87f3fe68a382fe,13923,11006,0,187,5,0,4,0,47,strong,
GenAI,drawing-with-llms,70pct,919,GenAI/drawing-with-llms/rank919_70pct/fine-tuned-llama-3b.ipynb,.ipynb,f8400176f3171a70f00a4417dc979cdf1699532149c3c7b7a6891f9c0f18f9a7,13467,9534,1130,190,5,3,5,0,59,strong,
GenAI,feedback-prize-2021,1st,1,GenAI/feedback-prize-2021/rank1_1st/feedback-lgb-train.ipynb,.ipynb,b54dd81925884a482c5abcb20ba4fc1ef41bc465560263f066e707b12493e471,25179,23016,245,526,2,3,4,0,58,strong,
GenAI,feedback-prize-2021,10pct,202,GenAI/feedback-prize-2021/rank202_10pct/feedback-3-eda-sentence-transformers.ipynb,.ipynb,f076bc285d842ae4e2f47f39ad321cc3c01ca44e0d6295fb4a076dbf594a95dd,28215,8454,6482,131,30,16,9,0,73,strong,
GenAI,feedback-prize-2021,20pct,535,GenAI/feedback-prize-2021/rank535_20pct/q-a-inference.ipynb,.ipynb,89b0bce1e5e6bc6e0ffa4ae143f0399a6dd657b9bec92018113f8d6bc36c6a69,18376,7276,340,147,27,2,3,0,55,strong,
GenAI,feedback-prize-2021,40pct,823,GenAI/feedback-prize-2021/rank823_40pct/corrected-train-csv-feedback-prize.ipynb,.ipynb,260bab4b2516679351515a6171d97467974d27bca688b50d9e7ff92ff86fef1d,23426,9604,6160,182,15,15,1,0,43,usable,
GenAI,feedback-prize-2021,70pct,1408,GenAI/feedback-prize-2021/rank1408_70pct/all-about-bert-you-need-to-know.ipynb,.ipynb,70af5493270a6f345fab9537583fea28cc207aa48b43422fcd619abc83fb4728,67993,21159,25724,251,33,78,5,0,67,strong,
GenAI,feedback-prize-effectiveness,1st,1,GenAI/feedback-prize-effectiveness/rank1_1st/exp08-del-dataset-part-1.ipynb,.ipynb,b31b0f226ab1755536d9416d8cf98411c952eb5cfdaac728dc1aaf67ff1c812a,1700,327,0,4,6,0,0,0,-9,reject,too_short
GenAI,feedback-prize-effectiveness,10pct,174,GenAI/feedback-prize-effectiveness/rank174_10pct/all-essays-for-3-feedback-competitions.ipynb,.ipynb,d1374d03fc5bd62a16976e77f4e84ea7808302917d4215f7dec773b081c25741,10119,2573,346,54,18,7,2,0,41,usable,
GenAI,feedback-prize-effectiveness,20pct,339,GenAI/feedback-prize-effectiveness/rank339_20pct/copetition1.ipynb,.ipynb,d8afcace22cfc84c8082c6c9f8c1c250d61b47f262e53d9d59b76c2f3cf850b5,19115,5205,0,123,38,0,6,0,67,strong,
GenAI,feedback-prize-effectiveness,40pct,628,GenAI/feedback-prize-effectiveness/rank628_40pct/train-detectai-deberta.ipynb,.ipynb,c6e17fe5540557c59f0ccdee60e24739ef36b4df9da97ab828eebb64cb5ee7d6,23711,6215,1377,140,26,1,3,0,55,strong,
GenAI,feedback-prize-effectiveness,70pct,1059,GenAI/feedback-prize-effectiveness/rank1059_70pct/feedback-prize-eda-bert-baseline.ipynb,.ipynb,f74201f1435503144ecfb2796d3a5f9cb764fa92dd16e4b5559cfd0b77e800c6,29402,19408,1411,403,20,7,3,0,55,strong,
GenAI,kaggle-llm-science-exam,1st,7,GenAI/kaggle-llm-science-exam/rank7_1st/d01-wiki-urls.ipynb,.ipynb,e7223ebb3e1003cf0a280382504cb8ba85df1fde40242b812a7f0f91ed8c8e52,26946,10039,153,287,53,12,0,0,42,usable,
GenAI,kaggle-llm-science-exam,10pct,346,GenAI/kaggle-llm-science-exam/rank346_10pct/llm-science.ipynb,.ipynb,665db64bb621648dd398b3b331a69d8e0570a5fc9898d33b776f8d2c7ac05613,21366,11557,2992,208,22,3,4,0,61,strong,
GenAI,kaggle-llm-science-exam,20pct,365,GenAI/kaggle-llm-science-exam/rank365_20pct/retriever-reader-model-with-flexible-sharding.ipynb,.ipynb,42626b653c7ca750571543ecc5efac8aefe938a4d079211eb52c8287b414916c,16207,8020,2301,152,12,6,1,0,43,usable,
GenAI,kaggle-llm-science-exam,40pct,1096,GenAI/kaggle-llm-science-exam/rank1096_40pct/explained-platypus2-70b-wikipedia-rag.ipynb,.ipynb,95a1c874e26d1a7f6c8a837b74c911dec4cc2df2a2eade311e898c186cef85eb,31552,13413,14597,195,8,15,4,0,61,strong,
GenAI,kaggle-llm-science-exam,70pct,1916,GenAI/kaggle-llm-science-exam/rank1916_70pct/2023kagglellm-deberta-v3-large-model1-inference.ipynb,.ipynb,a2ad5c811127796653d394012e0feddf3f25af6e9b5c674a043f6f6a88f4ba2b,8538,5425,244,106,7,1,5,0,67,strong,
GenAI,llms-you-cant-please-them-all,1st,1,GenAI/llms-you-cant-please-them-all/rank1_1st/5th-place-llms-ycpta.ipynb,.ipynb,a20ac37e588546bc461ada64b3852d62823f36fd1e007fcc1523b4b6dd59be75,7109,4509,52,111,3,3,1,0,40,usable,
GenAI,llms-you-cant-please-them-all,10pct,166,GenAI/llms-you-cant-please-them-all/rank166_10pct/simplesubmission-myadjustments-to-the-original.ipynb,.ipynb,53f4c213d5f5d3099e599f2a9377f99130a6682b178e4b00c065f21708d0b01c,6955,1860,2647,41,5,1,2,0,18,weak,submission_only
GenAI,llms-you-cant-please-them-all,20pct,365,GenAI/llms-you-cant-please-them-all/rank365_20pct/llm-mash-it-up.ipynb,.ipynb,f42c4b7511bd7234b89fa67706922e4ffda8625dd86ed5e54e3a3cce2199fcfe,66261,46191,1080,562,17,16,4,0,61,strong,
GenAI,llms-you-cant-please-them-all,40pct,642,GenAI/llms-you-cant-please-them-all/rank642_40pct/writing-to-divide-the-ai-judgement.ipynb,.ipynb,b63ef8c02c1bece767be012e15ffc68a54525221d4d1d6a6f57aa94f8a7ec1c7,230631,7493,1376,89,7,3,3,0,55,strong,
GenAI,llms-you-cant-please-them-all,70pct,1166,GenAI/llms-you-cant-please-them-all/rank1166_70pct/simple-prompt-engineering-with-mistral-lb-8-366.ipynb,.ipynb,8e3d6491a84074fc4d5f62927beca1ec0a92136d5d54cebf9351e0902407f81b,11557,3774,0,61,19,0,3,1,29,usable,bad_keyword
Medical,osic-pulmonary-fibrosis-progression,1st,567,Medical/osic-pulmonary-fibrosis-progression/rank567_1st/dnn-lgbm-ngboost-elasticnet.ipynb,.ipynb,21843e24103fbc268151628fc487e43d4328a44b4404a6062da1200c82aa6423,20087,15658,31,341,35,2,7,0,78,strong,
Medical,osic-pulmonary-fibrosis-progression,10pct,209,Medical/osic-pulmonary-fibrosis-progression/rank209_10pct/change-in-dropout-and-mloss-values.ipynb,.ipynb,2209e4ffe878568028ff4f8043a4eaad7bb0ebdd9285794990b9c410f59a0224,21699,15100,641,352,47,7,8,0,73,strong,
Medical,osic-pulmonary-fibrosis-progression,20pct,423,Medical/osic-pulmonary-fibrosis-progression/rank423_20pct/fibrosis-osic-submission-21.ipynb,.ipynb,a153d224f6db1a62130bc5f2092f3cb9f5d3acf2b72bb6946b2e482d7bb9e8a6,21512,14981,610,353,47,6,8,0,73,strong,
Medical,osic-pulmonary-fibrosis-progression,40pct,743,Medical/osic-pulmonary-fibrosis-progression/rank743_40pct/pulmonary-fibrosis.ipynb,.ipynb,61b1fb5475ff3ff4a5981c4a9e05b7e159dd9c24cee5279189a25c73c0a510d6,21467,15122,232,354,48,6,8,0,73,strong,
Medical,osic-pulmonary-fibrosis-progression,70pct,1461,Medical/osic-pulmonary-fibrosis-progression/rank1461_70pct/pulmonaryfibrosis-environment-51f0d2.ipynb,.ipynb,4eeca2c68a27e98653654274967f6daa2947c536791f68abc21d8b2a6d866818,10344,8403,54,151,12,3,5,0,67,strong,
Medical,prostate-cancer-grade-assessment,1st,6,Medical/prostate-cancer-grade-assessment/rank6_1st/panda-submit-clas-twodl.ipynb,.ipynb,a65f4e5d283ba474408d36d4fe554701ba604fb932e06c4da33546e4b2ece24c,15699,14136,0,115,4,0,3,0,46,strong,
Medical,prostate-cancer-grade-assessment,10pct,103,Medical/prostate-cancer-grade-assessment/rank103_10pct/tile-factory.ipynb,.ipynb,156dfa54de2b1307dceedb3e6c729f602c05f32f3c0ffaf1277889a3b2c22be1,18560,15171,1046,349,12,3,0,0,37,usable,
Medical,prostate-cancer-grade-assessment,20pct,202,Medical/prostate-cancer-grade-assessment/rank202_20pct/panda-stain-norm-downsample12x64x64-inference.ipynb,.ipynb,3e6547d8497675dc34294e50c5bbd5f6f15f68b04508fb60f93f18bb5e58292c,15578,12963,85,231,15,5,3,0,55,strong,
Medical,prostate-cancer-grade-assessment,40pct,311,Medical/prostate-cancer-grade-assessment/rank311_40pct/mi-zero-demo.ipynb,.ipynb,ceda13da418d35e409b56b529b3bc462ce838f1a4c18c4bcf96b16b40ef203f6,22998,9983,0,222,36,0,2,0,43,usable,
Medical,prostate-cancer-grade-assessment,70pct,709,Medical/prostate-cancer-grade-assessment/rank709_70pct/getting-started-with-the-panda-dataset.ipynb,.ipynb,7ea04a81505c72b462546f6151aacc31e93e7f68982f081213e3cf42a8d64629,27674,13002,9992,227,29,20,1,0,43,usable,
Medical,rsna-breast-cancer-detection,1st,1,Medical/rsna-breast-cancer-detection/rank1_1st/rsna-mammo-rejection-ensemble-v2-ishikei.ipynb,.ipynb,8c57007d9f99ed6187f119a6ce63592f511945f21c60665dc81a81c761a8ca27,112491,95682,202,1894,35,9,5,0,72,strong,
Medical,rsna-breast-cancer-detection,10pct,125,Medical/rsna-breast-cancer-detection/rank125_10pct/logistic-regression-tabular-data.ipynb,.ipynb,36e657aa9d53ee3e6907a23cba79b6147e809e309a5d8f2ce9621c04fa066120,13194,4517,399,77,20,5,6,0,65,strong,
Medical,rsna-breast-cancer-detection,20pct,333,Medical/rsna-breast-cancer-detection/rank333_20pct/rsna-eda-and-nii-files.ipynb,.ipynb,dd7245ce9c2946cdc492e8c00369eab9c27934e5b875f75c76bfc4d58daa0203,5322,1788,291,44,8,6,0,0,29,usable,
Medical,rsna-breast-cancer-detection,40pct,676,Medical/rsna-breast-cancer-detection/rank676_40pct/train-pytorch-lightning-gpu-tpu-w-b-kfolds.ipynb,.ipynb,1e24d4766c0bb9d652426f012ea94197287d95da875d80fd36cb4db785164c17,19249,10839,2343,251,15,12,4,0,61,strong,
Medical,rsna-breast-cancer-detection,70pct,1184,Medical/rsna-breast-cancer-detection/rank1184_70pct/rsna-breast-baseline-inference.ipynb,.ipynb,01f9bcea59e244635ae389d26db2eff8c33b693367887d630d904132f65dd2b9,15416,7584,302,204,17,8,2,0,49,strong,
Medical,rsna-intracranial-hemorrhage-detection,1st,62,Medical/rsna-intracranial-hemorrhage-detection/rank62_1st/final-cnn-kernel.ipynb,.ipynb,f443b5ce7a8aeeba1c99ad05cd67d23e18ff4bb3f13f4ba2d58fe9cc3d6e2d59,26084,22895,0,438,22,0,6,0,72,strong,
Medical,rsna-intracranial-hemorrhage-detection,10pct,62,Medical/rsna-intracranial-hemorrhage-detection/rank62_10pct/final-cnn-kernel.ipynb,.ipynb,f443b5ce7a8aeeba1c99ad05cd67d23e18ff4bb3f13f4ba2d58fe9cc3d6e2d59,26084,22895,0,438,22,0,6,0,67,strong,
Medical,rsna-intracranial-hemorrhage-detection,20pct,62,Medical/rsna-intracranial-hemorrhage-detection/rank62_20pct/final-cnn-kernel.ipynb,.ipynb,f443b5ce7a8aeeba1c99ad05cd67d23e18ff4bb3f13f4ba2d58fe9cc3d6e2d59,26084,22895,0,438,22,0,6,0,67,strong,
Medical,rsna-intracranial-hemorrhage-detection,40pct,171,Medical/rsna-intracranial-hemorrhage-detection/rank171_40pct/5th-preprocessing-adjacent-images-and-cropping.ipynb,.ipynb,a67419e48ad0e682ccef1b947ba7f3a189aa5074c3cefcb148c00191402cd943,11085,5401,2566,127,19,11,2,0,49,strong,
Medical,rsna-intracranial-hemorrhage-detection,70pct,299,Medical/rsna-intracranial-hemorrhage-detection/rank299_70pct/basic-eda-albumentations-augs.ipynb,.ipynb,acfa7ed4051f13caa74ce7dc12c4947bbf88c4a50d27c60c0b896d58aa71603b,14990,8613,870,169,42,18,1,0,43,usable,
Medical,siim-isic-melanoma-classification,1st,755,Medical/siim-isic-melanoma-classification/rank755_1st/melanoma-minmax.ipynb,.ipynb,b70c579799fb81c9b37f5df82a6f6798185a402df7fbae3c0d52b0896f1a1a26,3341,2058,229,26,4,1,2,0,30,usable,
Medical,siim-isic-melanoma-classification,10pct,335,Medical/siim-isic-melanoma-classification/rank335_10pct/chris-submission-oof-weighted-ensemble-prlb-0-9427.ipynb,.ipynb,b0b1417e59845ae7ae0a8b5e4b9ed34e7d395ce4a6f31d2534763580a8745741,23646,21776,0,403,10,0,3,0,37,usable,thin_ensemble
Medical,siim-isic-melanoma-classification,20pct,755,Medical/siim-isic-melanoma-classification/rank755_20pct/melanoma-minmax.ipynb,.ipynb,b70c579799fb81c9b37f5df82a6f6798185a402df7fbae3c0d52b0896f1a1a26,3341,2058,229,26,4,1,2,0,25,usable,
Medical,siim-isic-melanoma-classification,40pct,1322,Medical/siim-isic-melanoma-classification/rank1322_40pct/siim-predictions-xgboost-and-resnet50.ipynb,.ipynb,8b502e057fa53e660b95ddd3adb9aee503ac99ae5675c9aafe16286006c48864,14997,8274,68,183,58,5,11,1,61,strong,bad_keyword
Medical,siim-isic-melanoma-classification,70pct,2311,Medical/siim-isic-melanoma-classification/rank2311_70pct/melanoma-using-fastai2.ipynb,.ipynb,bbea4d72278312a2729014f5e8775ea4bddb1c0d92873499b912dc896f81d199,6531,3218,213,81,26,2,3,0,55,strong,
NLP,commonlitreadabilityprize,1st,12,NLP/commonlitreadabilityprize/rank12_1st/fork-of-commonlitreadability-r3-2a94de.ipynb,.ipynb,6287ea620350d0319f50b8a9865b698729859a69935e12ea5e8cc1d8a515a398,33101,20965,0,218,61,0,5,1,54,strong,bad_keyword
NLP,commonlitreadabilityprize,10pct,217,NLP/commonlitreadabilityprize/rank217_10pct/pre-trained-roberta-solution-in-pytorch.ipynb,.ipynb,09e058d9c83505452c2ab227d80047bfe1dd1d170eb180b5f7eaa9ed2a901265,17897,11754,564,227,15,4,6,0,73,strong,
NLP,commonlitreadabilityprize,20pct,645,NLP/commonlitreadabilityprize/rank645_20pct/roberta-base-pretrained.ipynb,.ipynb,87b8c1bc2f111e20bad2b47462800402d8e97286043bbbe033150a3c57ac98da,3838,1930,0,53,6,0,1,0,29,usable,
NLP,commonlitreadabilityprize,40pct,1483,NLP/commonlitreadabilityprize/rank1483_40pct/commonlit-baseline-model.ipynb,.ipynb,edfb00ebc13b86452769947a4e6ec9e578f94c8c2a6614cd8866e9afe0538966,8454,3642,295,71,11,3,4,0,53,strong,
NLP,commonlitreadabilityprize,70pct,2492,NLP/commonlitreadabilityprize/rank2492_70pct/nn-notebook-lstm.ipynb,.ipynb,4dc94eeba9eabdcfa3793e1b12bbc625cba71e538b5e78f783b72b1f00038344,15991,6003,257,147,23,6,5,0,67,strong,
NLP,feedback-prize-english-language-learning,1st,8,NLP/feedback-prize-english-language-learning/rank8_1st/llm-detect-pip.ipynb,.ipynb,76c8e2d7c1bdecb9cde9bbcf1af4a1025b37b7898551de26b945acb2709d0372,1303,106,0,5,2,0,1,0,-11,reject,too_short
NLP,feedback-prize-english-language-learning,10pct,238,NLP/feedback-prize-english-language-learning/rank238_10pct/fb3-deberta-family-inference-weight-tune.ipynb,.ipynb,daa485f85b87a7466e752745590fbaa50627865a91d2d6b462625669d8eea4a3,22736,16091,699,365,9,9,6,0,73,strong,
NLP,feedback-prize-english-language-learning,20pct,415,NLP/feedback-prize-english-language-learning/rank415_20pct/english.ipynb,.ipynb,8561e9e7b39da9c732ca96181878c2a400e832d45f5a80462ac480014d2f1b8b,6763,3876,164,51,4,2,7,0,57,strong,
NLP,feedback-prize-english-language-learning,40pct,1131,NLP/feedback-prize-english-language-learning/rank1131_40pct/feedback-prize-ell-baseline.ipynb,.ipynb,c7bb0ae8041ce16b632a89fc963422c6f4f48e48e229bc401abb751f9e9feafb,9710,3590,0,67,15,0,7,0,59,strong,
NLP,feedback-prize-english-language-learning,70pct,1872,NLP/feedback-prize-english-language-learning/rank1872_70pct/compe-nlp-feedback-english.ipynb,.ipynb,94806717c82622b18d5a8d2286cd0489af4a3b8ffbac6f68f6480068cdf08529,11640,4237,198,111,20,6,7,0,73,strong,
NLP,google-quest-challenge,1st,5,NLP/google-quest-challenge/rank5_1st/postprocessing-for-google-quest.ipynb,.ipynb,3d095508d7ea7ef2cb564615e54f07162162d2da0e2b5d58bf4f9fc08324aa27,8426,6812,152,109,9,2,2,0,54,strong,
NLP,google-quest-challenge,10pct,217,NLP/google-quest-challenge/rank217_10pct/end-to-end-bert-training.ipynb,.ipynb,285ae2b959f16df904c761096e49492aef12271c236fb1516bbe2e8af5ff9aac,19869,17761,169,346,6,6,5,0,67,strong,
NLP,google-quest-challenge,20pct,275,NLP/google-quest-challenge/rank275_20pct/eda-and-feature-engineering.ipynb,.ipynb,1260a61d4d0d7d7770259f03ce9f39df75e599b528338e932991a92b4b083f0f,24646,15098,2139,359,34,31,1,0,43,usable,
NLP,google-quest-challenge,40pct,275,NLP/google-quest-challenge/rank275_40pct/eda-and-feature-engineering.ipynb,.ipynb,1260a61d4d0d7d7770259f03ce9f39df75e599b528338e932991a92b4b083f0f,24646,15098,2139,359,34,31,1,0,43,usable,
NLP,google-quest-challenge,70pct,1068,NLP/google-quest-challenge/rank1068_70pct/google-quest-spelling-feature.ipynb,.ipynb,4d31f7328c9fa03884c89d7c051a36125c8fd1b099cb8d88df9d3b8fd8ebbb15,5985,2628,1236,46,13,7,2,0,41,usable,
NLP,nlp-getting-started,1st,7,NLP/nlp-getting-started/rank7_1st/disaster-tweets-classification-with-distilbert.ipynb,.ipynb,a3f9e35792bdfef0fd50fdfde6e58dc910ab21d05ba12ac9303aef20693dea86,1848,580,0,11,1,0,3,0,1,reject,too_short
NLP,nlp-getting-started,10pct,81,NLP/nlp-getting-started/rank81_10pct/nlp-disaster-tweets-roberta-5-fold-top-5.ipynb,.ipynb,8cb49ed18ebbd69e4ca3a197fd5c79170f53af46a212e079ebf6248d8385540c,33018,18535,6222,377,15,14,7,0,73,strong,
NLP,nlp-getting-started,20pct,173,NLP/nlp-getting-started/rank173_20pct/83-6-accuracy-bert-nlp.ipynb,.ipynb,1e921cec36967be8b198a8a35136f87740ffebdd0cba2d0892a74d6266ae7ee8,8830,2855,3583,74,8,7,4,0,53,strong,
NLP,nlp-getting-started,40pct,331,NLP/nlp-getting-started/rank331_40pct/disaster-tweets-tf-idf-vs-bilstm-vs-bert.ipynb,.ipynb,cb65b622b7b1e516b920c3c62ff429760666d280774f6e375c6a501640916d3f,101570,37627,13477,727,14,12,10,0,73,strong,
NLP,nlp-getting-started,70pct,557,NLP/nlp-getting-started/rank557_70pct/notebook76d50be751.ipynb,.ipynb,6a287c9746ea533aee103931746c039ae3235ee530300fc357edf42124ba0462,5097,3560,0,40,2,0,3,1,21,weak,bad_keyword
NLP,quora-question-pairs,1st,21,NLP/quora-question-pairs/rank21_1st/kaggle-book-gokui-chapter5-lightgbm.ipynb,.ipynb,3750229a45eaea2cc53c0ad1933810b9b4fc545304de9669afda9c7a3e65a8c3,2446,362,36,8,4,1,1,0,-5,reject,too_short
NLP,quora-question-pairs,10pct,332,NLP/quora-question-pairs/rank332_10pct/data-analysis-xgboost-starter-0-35460-lb-12d8b0.irnb,.irnb,81df02d1ad8e63bb8dd8d11fef2393d584534f981c5a7b74c9e845b8fd93311e,22986,22986,0,1,1,0,6,0,11,weak,too_short
NLP,quora-question-pairs,20pct,664,NLP/quora-question-pairs/rank664_20pct/quoras-question-pairs-sentiment-analysis.ipynb,.ipynb,6933c70484709946709e6d7635fae4bead38b14f494e5a0ca644e673a107fa0d,9993,6837,370,134,12,4,2,0,49,strong,
NLP,quora-question-pairs,40pct,1316,NLP/quora-question-pairs/rank1316_40pct/xgb-starter-23-clean-text.py,.py,4416ad98e6eaa26d8f966c127bfb014527b4e16cabfaa68476d2a25ec14c16e0,9991,9991,0,200,1,0,5,0,54,strong,
NLP,quora-question-pairs,70pct,21,NLP/quora-question-pairs/rank21_70pct/kaggle-book-gokui-chapter5-lightgbm.ipynb,.ipynb,3750229a45eaea2cc53c0ad1933810b9b4fc545304de9669afda9c7a3e65a8c3,2446,362,36,8,4,1,1,0,-10,reject,too_short
RL,google-football,1st,2,RL/google-football/rank2_1st/google-football-episode-scraper.ipynb,.ipynb,1f3d46b527b398bd3b675b5fff982c15d67cbc23c087ba02297b06f775eafbf6,7863,5343,812,103,11,1,2,0,54,strong,
RL,google-football,10pct,114,RL/google-football/rank114_10pct/game-visualization.ipynb,.ipynb,ddc3a12859456e42029318c3ce5c1ee994a485a8a7c7e2e04e24e9555f3bde9c,9350,7646,130,176,8,2,1,0,43,usable,
RL,google-football,20pct,226,RL/google-football/rank226_20pct/baseline-bot.ipynb,.ipynb,a93e3c462f1b8f6d7ae34c1bf6619c3dee0301fe4ac3080f9c58ef5cf0453b21,6351,4053,67,74,13,4,1,0,35,usable,
RL,google-football,40pct,410,RL/google-football/rank410_40pct/gail-football.ipynb,.ipynb,302cdae13acd4d833952f25d0eeaabfb12802b7d756b2c074ee7d72088ca88ac,30601,26158,716,601,23,2,3,0,55,strong,
RL,google-football,70pct,783,RL/google-football/rank783_70pct/gfootball-template-bot-modified.ipynb,.ipynb,7733b97794319a1f60acf318ea60ac6996928cfd60f1981d275d73bbcb4c086d,5209,3180,852,35,4,3,2,0,33,usable,
RL,halite,1st,2,RL/halite/rank2_1st/halite-iv-count-win-or-lose-for-each-team.ipynb,.ipynb,9270188080f93468dcbfc6c8e4ec8ba6c329071a4b965f21be126936f60df664,8288,6722,0,126,9,0,2,0,48,strong,
RL,halite,10pct,118,RL/halite/rank118_10pct/pytorch-starter.ipynb,.ipynb,f39ae514362c990dab65fa191f7c80108de965b911ae1d6e87ec6003a4d5b8fc,14274,11501,34,227,19,3,3,0,55,strong,
RL,halite,20pct,225,RL/halite/rank225_20pct/halite-bot-aggressive-bot-starter-code.ipynb,.ipynb,62265d2ce826eaa08746df9189ebb63a4edf5199541e841eca371be7c3cd891e,7051,5558,434,95,2,2,2,0,41,usable,
RL,halite,40pct,445,RL/halite/rank445_40pct/halite-result-visualization-from-leaderboard.ipynb,.ipynb,75ed0427e85147068ff04244cd367d2c146d0376603b05f157ffa40bfcd0911c,698312,8104,625,240,22,6,0,0,37,usable,
RL,halite,70pct,800,RL/halite/rank800_70pct/explore-exploit.ipynb,.ipynb,ab4987c8b1fbd38b64788950058b4c72617ead89ac954f41868c00bd8bcb4e47,8614,3979,2355,68,6,15,0,0,29,usable,
RL,kore-2022,1st,25,RL/kore-2022/rank25_1st/plot-submission-score-trajectory.ipynb,.ipynb,9de9ec9ddf53f2df71aafe5f236820e44846bd42877db28a92ab1d6fa01f830b,9071,2847,1833,63,10,4,2,0,46,strong,
RL,kore-2022,10pct,55,RL/kore-2022/rank55_10pct/kore2022-winrate-evaluation-multiprocessing.ipynb,.ipynb,e9ab81cdc1830319bd0e89211fd187b41dc1375af15ae4e3d9ba010565cfa08a,2343,1130,0,23,3,0,1,0,13,weak,
RL,kore-2022,20pct,94,RL/kore-2022/rank94_20pct/loadinganothermodel.ipynb,.ipynb,5e648a37c54d115567101146de9a205ac4e7789822fd48e8362980a81c13ef6c,16229,13032,0,239,7,0,3,0,49,strong,
RL,kore-2022,40pct,187,RL/kore-2022/rank187_40pct/koreye-2022-integration.ipynb,.ipynb,9ef0d122b20be911129cf1758fbc036b8facbfd73a0a14f7ff0b3d9e40920f4a,5054,2405,529,68,4,1,0,0,21,weak,
RL,kore-2022,70pct,329,RL/kore-2022/rank329_70pct/kore-2022-understand-competition.ipynb,.ipynb,f8d030b844e06447276505a36471dba72059464f04342a22a13d49e0eadcbabd,31982,9183,8786,209,18,47,0,0,37,usable,
RL,lux-ai-2021,1st,5,RL/lux-ai-2021/rank5_1st/select-agents-for-downloading-matches.ipynb,.ipynb,402f6565a6b53d1bb4c2b6c81fb4773e8332537c37edced8f52f8d9fb9dee404,17640,6173,3052,132,29,21,2,1,42,usable,bad_keyword
RL,lux-ai-2021,10pct,117,RL/lux-ai-2021/rank117_10pct/fast-il-in-keras.ipynb,.ipynb,e43e65bad4ee326fa47de44ef01af92f338bc46307050d51afdf7dcc67c720da,20809,13356,777,341,15,5,6,0,73,strong,
RL,lux-ai-2021,20pct,272,RL/lux-ai-2021/rank272_20pct/lux-ai-rule-based-agent.ipynb,.ipynb,a29a0693a4c1e71d454ce844f9f5bf764851bfdc4f4dbf85008abb55cf7518a7,218949,193976,9886,3144,22,14,1,0,43,usable,
RL,lux-ai-2021,40pct,438,RL/lux-ai-2021/rank438_40pct/lux-ai-deep-learning-imitate-the-strategy.ipynb,.ipynb,df1c61b1031dcccd6359afbfe30082a914e1e27e78f43cccbc81c64b1c1ccba1,148186,11349,675,216,24,12,4,0,61,strong,
RL,lux-ai-2021,70pct,819,RL/lux-ai-2021/rank819_70pct/delux-ai-zero.ipynb,.ipynb,84660a7a37f4634a4d4d10ed8cdb90c5a2da9f138ea0d0186d44a461da127da7,41420,31804,1825,533,18,13,4,0,61,strong,
RL,santa-2022,1st,1,RL/santa-2022/rank1_1st/lower-bound-using-minimum-spanning-tree.ipynb,.ipynb,e1af64f442cda31fa924df87636a423a402d0da8e2851d93ce66f0104237ab42,4361,1880,45,59,5,1,0,0,26,usable,
RL,santa-2022,10pct,84,RL/santa-2022/rank84_10pct/greedy-search-hill-climbing-random-explore.ipynb,.ipynb,26caa9aaa9e2376001088a7dba6dfe4f00eeb60f407eca55b7c57cbae8577b49,21263,13651,2512,326,10,8,0,1,25,usable,bad_keyword
RL,santa-2022,20pct,186,RL/santa-2022/rank186_20pct/santa-december.ipynb,.ipynb,bcc91f2361cddbf5eca5274cccbec3b72f969f097db947206f174ab6ed29102e,23456,8850,411,223,36,1,1,0,43,usable,
RL,santa-2022,40pct,331,RL/santa-2022/rank331_40pct/ddqn-lstm-reinforcement-learning.ipynb,.ipynb,8f8625e936cc71d7d5c3632cc4f739b35f4568d2789c2dc151f386ae00f59327,31204,23988,1152,439,14,1,2,0,49,strong,
RL,santa-2022,70pct,607,RL/santa-2022/rank607_70pct/santa-2022-the-christmas-card-conundrum.ipynb,.ipynb,d30fa5b736fc90f719e64415538c19696087890395630fb7a030ffb7df3d5298,16604,6773,1348,165,21,2,1,1,31,usable,bad_keyword
RecSys,elo-merchant-category-recommendation,1st,7,RecSys/elo-merchant-category-recommendation/rank7_1st/elo-federated-learning-data-etl.ipynb,.ipynb,bc0168a07f6b928373eab643780ad8cd933325732dcfb9cc0c79d5d7bbc57479,31294,10125,505,171,54,5,1,0,48,strong,
RecSys,elo-merchant-category-recommendation,10pct,146,RecSys/elo-merchant-category-recommendation/rank146_10pct/elo-deep-automl.ipynb,.ipynb,56a466f34c6968aad1c181445e60f29a6fb37e4673fe558e6cf0eb4c94ca2341,7200,2742,0,31,14,0,4,1,27,usable,bad_keyword
RecSys,elo-merchant-category-recommendation,20pct,910,RecSys/elo-merchant-category-recommendation/rank910_20pct/ts-7-survival-analysis.ipynb,.ipynb,ffe4356f3a24eae6680d9f008ee9780ba9f1978bfb078a1168b06afa412d2b20,720478,7390,14129,152,32,23,4,0,61,strong,
RecSys,elo-merchant-category-recommendation,40pct,1647,RecSys/elo-merchant-category-recommendation/rank1647_40pct/3-first-pca-components-explain-99-99-of-variance.ipynb,.ipynb,11e1cd12e4b5a731242e2cff114a0648f15a13abcf31a661b1d076146977e26b,16567,11337,1353,210,17,6,7,0,73,strong,
RecSys,elo-merchant-category-recommendation,70pct,2836,RecSys/elo-merchant-category-recommendation/rank2836_70pct/elo-merchant-category-recommendation.ipynb,.ipynb,8566c0285516fdf706ab8b92ac82745547cbbf3b10233b73d925113d78880a23,8034,1440,3596,26,14,14,2,0,33,usable,
RecSys,expedia-hotel-recommendations,1st,2,RecSys/expedia-hotel-recommendations/rank2_1st/last-week-xkcd.py,.py,5df04f073db64c09411f16da660df07f69dc05284f5144589c21bb5d0b094a89,753,730,0,21,1,0,0,0,9,reject,
RecSys,expedia-hotel-recommendations,10pct,762,RecSys/expedia-hotel-recommendations/rank762_10pct/map-k-demo.ipynb,.ipynb,694a955b67c2198a72d552754262d342567ddf825469524bd3d8272e446d79b3,3230,1750,493,37,5,2,1,0,27,usable,
RecSys,expedia-hotel-recommendations,20pct,391,RecSys/expedia-hotel-recommendations/rank391_20pct/valium-1.py,.py,0f819972275b0ac545b06d6f8474629fd03721cf496cbe80563c84edb672861f,10412,10412,0,226,1,0,0,0,24,weak,
RecSys,expedia-hotel-recommendations,40pct,762,RecSys/expedia-hotel-recommendations/rank762_40pct/map-k-demo.ipynb,.ipynb,694a955b67c2198a72d552754262d342567ddf825469524bd3d8272e446d79b3,3230,1750,493,37,5,2,1,0,27,usable,
RecSys,expedia-hotel-recommendations,70pct,1378,RecSys/expedia-hotel-recommendations/rank1378_70pct/ehr-1-with-comments.py,.py,2e82d5644fe5596fd1c4d458f7ee311afa32e2d224565087ce8e8bdf4f01aefc,9287,9287,0,183,1,0,2,0,36,usable,
RecSys,h-and-m-personalized-fashion-recommendations,1st,10,RecSys/h-and-m-personalized-fashion-recommendations/rank10_1st/samp-hm-1st-stage-demo-with-polars-gpu.ipynb,.ipynb,bebd5256596d23a736b7144c33f4a55b67b028340fd0f4a8bdc902a1c5fe12a0,23524,16776,1161,364,10,3,2,0,54,strong,
RecSys,h-and-m-personalized-fashion-recommendations,10pct,299,RecSys/h-and-m-personalized-fashion-recommendations/rank299_10pct/lb-0-0236-ensemble-gives-you-bronze-medal.ipynb,.ipynb,5c93fb9ff3b152d51742951e5393f59b481270e06fcf627b8d0be3e5a88fa7ec,7216,2864,746,60,8,2,2,0,29,usable,thin_ensemble
RecSys,h-and-m-personalized-fashion-recommendations,20pct,585,RecSys/h-and-m-personalized-fashion-recommendations/rank585_20pct/notebookfirstrl.ipynb,.ipynb,e17550d922d3631cb3a85eea2d2c7d0580508a889b2d3e542b629d6033c171a2,27418,12175,0,202,40,0,3,1,37,usable,bad_keyword
RecSys,h-and-m-personalized-fashion-recommendations,40pct,2264,RecSys/h-and-m-personalized-fashion-recommendations/rank2264_40pct/recommender-system.ipynb,.ipynb,ac0b20f57e532129db9c63a31a60ce60efdf9bd6752e0dce7f161d515e6aee8a,6011,3755,21,63,3,1,1,0,27,usable,
RecSys,h-and-m-personalized-fashion-recommendations,70pct,10,RecSys/h-and-m-personalized-fashion-recommendations/rank10_70pct/samp-hm-1st-stage-demo-with-polars-gpu.ipynb,.ipynb,bebd5256596d23a736b7144c33f4a55b67b028340fd0f4a8bdc902a1c5fe12a0,23524,16776,1161,364,10,3,2,0,49,strong,
RecSys,otto-recommender-system,1st,3,RecSys/otto-recommender-system/rank3_1st/3rd-place-team-g-b-d-t-0-604.ipynb,.ipynb,8003559cab1cc800addc91fe216d5774056e2b681b9745f493055b6f4defe513,7076,1918,677,49,8,2,3,0,52,strong,
RecSys,otto-recommender-system,10pct,227,RecSys/otto-recommender-system/rank227_10pct/otto-tr-matrixv2-tail40-top404050-w136.ipynb,.ipynb,b6d2addd0d0ec398b77648aee962ebf427491350e6b11c9aa4f15a3112ee906e,15137,9064,1515,156,7,5,0,0,37,usable,
RecSys,otto-recommender-system,20pct,636,RecSys/otto-recommender-system/rank636_20pct/easy-recommendation-pandas.ipynb,.ipynb,6fdd6e74db346857e38651c28d8c537e6a83c1f6ea45e4e5d5bda2807332b6bf,4331,1141,1495,28,3,3,2,0,25,usable,
RecSys,otto-recommender-system,40pct,931,RecSys/otto-recommender-system/rank931_40pct/otto-lightgbm-brief-sample-code-with-cudf.ipynb,.ipynb,7dd2d649308ef334d1e62a5b8bb27c3f4103a19025a539cbdfe51d071345aa27,9951,3285,1539,79,12,9,3,0,47,strong,
RecSys,otto-recommender-system,70pct,1962,RecSys/otto-recommender-system/rank1962_70pct/ott-submission.ipynb,.ipynb,d47b7913f6030ca3630a35e5c984404c6b452f4630bdaae1c69cc917839fc9fc,25454,3154,10765,43,24,22,3,1,20,weak,bad_keyword;submission_only
RecSys,santander-product-recommendation,1st,5,RecSys/santander-product-recommendation/rank5_1st/when-less-is-more-1.py,.py,9fe174c47c29d2b07e2d882e4c5ca14b308b877e1fdd7daaa3c89fb4fd69fa75,9214,9027,0,169,1,0,4,0,53,strong,
RecSys,santander-product-recommendation,10pct,183,RecSys/santander-product-recommendation/rank183_10pct/exploratory-data-analysis-in-korean-180801.ipynb,.ipynb,8ab4ba226e5d4efe51ec63be1f287d3898a73df15ec5ab0f18651b2499e39d8a,6654,3541,0,52,12,0,0,0,23,weak,
RecSys,santander-product-recommendation,20pct,356,RecSys/santander-product-recommendation/rank356_20pct/test-srk.py,.py,06997822ba3bc249907eda5eadd392e228fea40c2043e0d71b13d5cd30b38177,14893,14561,0,287,1,0,4,0,48,strong,
RecSys,santander-product-recommendation,40pct,707,RecSys/santander-product-recommendation/rank707_40pct/when-less-is-more-asdsd268.py,.py,39b56054e90c39aaf12663f8e57d5fbbe7655d4e447e12272180aa604237f24f,9220,9220,0,176,1,0,4,0,48,strong,
RecSys,santander-product-recommendation,70pct,1246,RecSys/santander-product-recommendation/rank1246_70pct/data-visualization-2.ipynb,.ipynb,0c0afc557e62430d6bd7548f86f756ec20a88358c3aa4ff0aed43cc25fa17ef5,9201,4750,0,89,30,0,0,0,31,usable,
Tabular,competitive-data-science-predict-future-sales,1st,98,Tabular/competitive-data-science-predict-future-sales/rank98_1st/extcopy-of-future-sales-with-automated-ensembling.ipynb,.ipynb,91f0a57ad8bf46d14ed371b2ba924f5d0a97030f6b6f6555ded4ca5cc0b82736,4489,1150,351,21,6,4,2,0,38,usable,
Tabular,competitive-data-science-predict-future-sales,10pct,1657,Tabular/competitive-data-science-predict-future-sales/rank1657_10pct/ch9-modeling.ipynb,.ipynb,09a4a46274a800bcd2d8cdab447398748425a89520b727466211aa66227b686b,53760,14216,690,257,54,30,4,0,61,strong,
Tabular,competitive-data-science-predict-future-sales,20pct,3268,Tabular/competitive-data-science-predict-future-sales/rank3268_20pct/notebook5f4ce4366a.ipynb,.ipynb,d5de4d529f1639731fb006663da63b3ba837a373696b1ccc64655efa963eff08,7032,961,0,26,15,0,0,0,15,weak,
Tabular,competitive-data-science-predict-future-sales,40pct,7678,Tabular/competitive-data-science-predict-future-sales/rank7678_40pct/advanced-regression-predict-sales.ipynb,.ipynb,7394c8024246b302056b211bd0cb239d39aa5e553f95813d1f49605de19ae5d7,39034,11663,9930,216,42,13,8,0,73,strong,
Tabular,competitive-data-science-predict-future-sales,70pct,12343,Tabular/competitive-data-science-predict-future-sales/rank12343_70pct/model-advanced-regression-predict-future-sales.ipynb,.ipynb,2c8556ed9ac007031f91cb6ebdf6258cb1ee4e96cbb6ae730a10a0c5c018c79b,7946,6722,0,126,2,0,5,0,53,strong,
Tabular,house-prices-advanced-regression-techniques,1st,86,Tabular/house-prices-advanced-regression-techniques/rank86_1st/house-prices-two-stage-model.ipynb,.ipynb,a2bb1f7460da989c1235f2857157e167bbf99147d0f80995295c0af1269bd99d,33078,20910,2385,373,20,22,5,0,72,strong,
Tabular,house-prices-advanced-regression-techniques,10pct,508,Tabular/house-prices-advanced-regression-techniques/rank508_10pct/house-prices-xgb-cat-lgb-etc-0-12111.ipynb,.ipynb,912b59ae5aa3413ba1b8c99b911495984cc4b73c7eaa85bec50ccc2a9252eddc,32300,17245,10236,325,16,19,8,0,73,strong,
Tabular,house-prices-advanced-regression-techniques,20pct,987,Tabular/house-prices-advanced-regression-techniques/rank987_20pct/house-price-prediction-eda-feature-engineering.ipynb,.ipynb,306d936eaf41b6187cba26dfc2bc55d56683f074ac3fe9fe25b223375edb1a5c,14754,7935,1481,158,10,9,8,0,73,strong,
Tabular,house-prices-advanced-regression-techniques,40pct,2060,Tabular/house-prices-advanced-regression-techniques/rank2060_40pct/house-prices-advanced-regression-techniques-2026.ipynb,.ipynb,2d687f25f55fbbf3bbcddb20751cc6f601674244b92f8a2e4b237bcff1ec65a1,59758,35661,7817,690,38,37,9,0,73,strong,
Tabular,house-prices-advanced-regression-techniques,70pct,3619,Tabular/house-prices-advanced-regression-techniques/rank3619_70pct/house-price-prediction.ipynb,.ipynb,21d3774a71fd45cc34d3c7c0d7c706c44c4cdc32da1268c98ef24a6b44f2ca5b,13361,3544,998,76,22,2,6,1,53,strong,bad_keyword
Tabular,prudential-life-insurance-assessment,1st,23,Tabular/prudential-life-insurance-assessment/rank23_1st/use-the-mlr3-package.irnb,.irnb,df25f665a6072e7240c24b7cd5fdcf94475cf79c9b4759cdb7be3195f4908a31,8712,8712,0,1,1,0,6,0,16,weak,too_short
Tabular,prudential-life-insurance-assessment,10pct,23,Tabular/prudential-life-insurance-assessment/rank23_10pct/use-the-mlr3-package.irnb,.irnb,df25f665a6072e7240c24b7cd5fdcf94475cf79c9b4759cdb7be3195f4908a31,8712,8712,0,1,1,0,6,0,11,weak,too_short
Tabular,prudential-life-insurance-assessment,20pct,527,Tabular/prudential-life-insurance-assessment/rank527_20pct/testwith.py,.py,05c1b15a65389a8d11f038d0fbaaa5391355fc42561c47f191b7e1793bddad3a,4055,4055,0,70,1,0,4,0,40,usable,
Tabular,prudential-life-insurance-assessment,40pct,23,Tabular/prudential-life-insurance-assessment/rank23_40pct/use-the-mlr3-package.irnb,.irnb,df25f665a6072e7240c24b7cd5fdcf94475cf79c9b4759cdb7be3195f4908a31,8712,8712,0,1,1,0,6,0,11,weak,too_short
Tabular,prudential-life-insurance-assessment,70pct,1825,Tabular/prudential-life-insurance-assessment/rank1825_70pct/xgboost-example.R,.R,a45add1ee9182de98ef977567b2b5283a1cece4e8c9568e684861fcbeeb07951,1288,1288,0,32,1,0,4,0,28,usable,
Tabular,spaceship-titanic,1st,119,Tabular/spaceship-titanic/rank119_1st/spaceship-titanic-survival-prediction-model.ipynb,.ipynb,2dedba1337aeef246fffda5750fcf299381df2c34a3a09cb92d48e16a6eebc71,3070,1780,0,42,1,0,2,0,32,usable,
Tabular,spaceship-titanic,10pct,134,Tabular/spaceship-titanic/rank134_10pct/notebooka2b1182843.ipynb,.ipynb,d72749acb1a8c3f6e94be2d7ee9c0bc9f582ea97c9d3f640077d686c7bad40a3,21145,14928,0,162,14,0,11,1,55,strong,bad_keyword
Tabular,spaceship-titanic,20pct,440,Tabular/spaceship-titanic/rank440_20pct/spaceship-titanic.ipynb,.ipynb,42357584e87e21ef6e902de4d589c3c498289be9de8311611965b270f4d4d95e,26063,12235,679,306,32,1,9,0,73,strong,
Tabular,spaceship-titanic,40pct,870,Tabular/spaceship-titanic/rank870_40pct/beginner-eda-to-clean-cv-gpu-catboost.ipynb,.ipynb,7f1bbb1464f8c87ed1995dc06789ee9019855f694d2f2d7a22bd064e2aa781d5,104361,73551,15767,1452,30,25,9,0,73,strong,
Tabular,spaceship-titanic,70pct,1616,Tabular/spaceship-titanic/rank1616_70pct/spaceship-titanic-0527.ipynb,.ipynb,5e911a950f658dee7545b07c5829fd0f4d0b42c7d2a95773e679613981d55f38,19484,10402,584,167,17,6,5,1,55,strong,bad_keyword
Tabular,titanic,1st,874,Tabular/titanic/rank874_1st/ml-titanic-competition.ipynb,.ipynb,872472d6bb5a9ac1137678a456ba468c1bba23e6033ed8e35114cc1678f454a6,21434,12496,717,251,18,5,8,0,78,strong,
Tabular,titanic,10pct,1500,Tabular/titanic/rank1500_10pct/titanic-78-95-accurancy-eda-ensemble-learning.ipynb,.ipynb,8592b169a3cfa90724885d63d388beab023e20316273c13a9925c83b400669ab,29553,13782,6579,271,19,17,10,0,73,strong,
Tabular,titanic,20pct,2509,Tabular/titanic/rank2509_20pct/getting-started-with-titanic.ipynb,.ipynb,8fec848ad12703cc00bb27478bf3d3a9dfbf0976aa8fe5aa2f4a55163ce17156,12110,5790,0,125,14,0,9,1,55,strong,bad_keyword
Tabular,titanic,40pct,4868,Tabular/titanic/rank4868_40pct/gettingstartedwithtitanic.ipynb,.ipynb,18236e6b8ffa07bff5d18f91c3697566795e0c196531db8e0516cfc08e13e95e,5015,2654,0,52,5,0,6,0,51,strong,
Tabular,titanic,70pct,8833,Tabular/titanic/rank8833_70pct/titanic-model.ipynb,.ipynb,7b13da506471ab77d45c5c150910398889c56d80c52c5f78e3606652a0c22221,20497,6060,0,201,37,0,9,1,55,strong,bad_keyword
Time-Series,amp-parkinsons-disease-progression-prediction,1st,1,Time-Series/amp-parkinsons-disease-progression-prediction/rank1_1st/4th-place-solution-public-54-9-private-60-1.ipynb,.ipynb,7d57440731a69cc5b98fbe59d09c01be5eb0d64a8e6fe746674f26a724de2538,23647,11064,1056,342,20,7,6,0,78,strong,
Time-Series,amp-parkinsons-disease-progression-prediction,10pct,188,Time-Series/amp-parkinsons-disease-progression-prediction/rank188_10pct/protein-npx-groups.ipynb,.ipynb,3a42e87f7c0205b77c21d9b3576c526c1b81d4eab4ea14ab2c2534cae72b6d14,29117,19225,370,298,22,5,3,0,55,strong,
Time-Series,amp-parkinsons-disease-progression-prediction,20pct,232,Time-Series/amp-parkinsons-disease-progression-prediction/rank232_20pct/pdpp-2-stage-model.ipynb,.ipynb,af2a5486176205f74eeb826cd619f04a4e62f3ad26f1b4eabf9cbaa6f2284848,22589,13146,393,215,17,8,7,0,73,strong,
Time-Series,amp-parkinsons-disease-progression-prediction,40pct,710,Time-Series/amp-parkinsons-disease-progression-prediction/rank710_40pct/uom-cs3111-23-group07-final-submission.ipynb,.ipynb,fe0abadeaf928d68a9ed3fdb7dd2369dcb8da1dcaae7f7e56673e25f4b23c153,12070,7264,158,101,11,1,3,1,43,usable,bad_keyword
Time-Series,amp-parkinsons-disease-progression-prediction,70pct,1297,Time-Series/amp-parkinsons-disease-progression-prediction/rank1297_70pct/predicting-updrs-4.ipynb,.ipynb,845acb353dde6bc586aba8813d07331f99f3e15ffb9cb21bddf1fe37c01a4556,10481,3403,0,57,19,0,3,1,29,usable,bad_keyword
Time-Series,g-research-crypto-forecasting,1st,90,Time-Series/g-research-crypto-forecasting/rank90_1st/g-research-starter-lgbm-pipeline-lb-0-174.ipynb,.ipynb,6aba76732b9aeb0532a506ece18e043b49b6c9f69464eeb761645694f8941664,7650,2336,1769,54,9,7,5,0,64,strong,
Time-Series,g-research-crypto-forecasting,10pct,112,Time-Series/g-research-crypto-forecasting/rank112_10pct/classic-pipeline.ipynb,.ipynb,7a6b77d1b344fa3a6d81a6881edc34d897d92841bcb1d28af74f47f34dcc5cc4,8324,4681,0,92,8,0,3,0,49,strong,
Time-Series,g-research-crypto-forecasting,20pct,363,Time-Series/g-research-crypto-forecasting/rank363_20pct/crypto-candle-analysis.ipynb,.ipynb,f609fd27558833eb6026fcf06cfcc5a6e6ec661df7417e1ec78e22a4ee516d6d,42427,28739,900,422,27,14,0,0,37,usable,
Time-Series,g-research-crypto-forecasting,40pct,819,Time-Series/g-research-crypto-forecasting/rank819_40pct/random-predictions.ipynb,.ipynb,b20f231dbbba3915dadcecf1d85b3b159648e8c6776cdc3152c435d044057b77,1432,499,144,15,1,1,2,1,13,weak,bad_keyword
Time-Series,g-research-crypto-forecasting,70pct,1328,Time-Series/g-research-crypto-forecasting/rank1328_70pct/tree-based-methods.ipynb,.ipynb,1e391c040290f6ff7c878d1210c38fbc173ab0a55a5cd1209aa11f713cb975a4,10214,5300,0,80,12,0,3,1,37,usable,bad_keyword
Time-Series,tabular-playground-series-jan-2022,1st,3,Time-Series/tabular-playground-series-jan-2022/rank3_1st/tpsjan22-fb-prophet-6-12-private-score.ipynb,.ipynb,f4d5fa3f8cc631d05067d81a744a969f38260269c9885b8145940005be8e0e6f,11046,7112,0,140,9,0,4,0,60,strong,
Time-Series,tabular-playground-series-jan-2022,10pct,139,Time-Series/tabular-playground-series-jan-2022/rank139_10pct/tps-jan-2022-pycaret.ipynb,.ipynb,4ec7546ebe73d30a7fdbe7c0e66ae14f38b02778f04c4ad7ee5a8bfea6027426,6978,2337,0,54,16,0,3,0,41,usable,
Time-Series,tabular-playground-series-jan-2022,20pct,308,Time-Series/tabular-playground-series-jan-2022/rank308_20pct/holiday-kernel.ipynb,.ipynb,5dc1fa50a17a60e6ed0886eec0356c158fb6e92de5d0f8ef4e718b049516b330,19066,9485,2109,226,15,10,3,0,55,strong,
Time-Series,tabular-playground-series-jan-2022,40pct,637,Time-Series/tabular-playground-series-jan-2022/rank637_40pct/basic-xgbregressor.ipynb,.ipynb,5f96bb50df62dddd8769a0ed1d48efb10be771edceb80b6ce38ee68b2864156f,9714,2255,513,54,17,4,5,0,59,strong,
Time-Series,tabular-playground-series-jan-2022,70pct,1105,Time-Series/tabular-playground-series-jan-2022/rank1105_70pct/tpg-0122.ipynb,.ipynb,364beebb987de8a56a70b0d9afdc55398c7e8252dcec7ffb798945b1a120bf89,19365,2038,0,56,47,0,4,0,47,strong,
Time-Series,ubiquant-market-prediction,1st,47,Time-Series/ubiquant-market-prediction/rank47_1st/ml-from-the-beginning-to-the-end-for-newbies.ipynb,.ipynb,25de0160024ec1048fd502985b9ad6f5262487a762ea3ada84539e8302778f1d,19135,8501,2162,183,26,23,9,0,78,strong,
Time-Series,ubiquant-market-prediction,10pct,233,Time-Series/ubiquant-market-prediction/rank233_10pct/ubiquant-market-prediction-model-ensemble.ipynb,.ipynb,7ed74b490dbbc035feb80a45c358a38c41002431ce8db3a28c444c8b5f755114,21673,15836,518,320,12,4,7,0,73,strong,
Time-Series,ubiquant-market-prediction,20pct,443,Time-Series/ubiquant-market-prediction/rank443_20pct/regime-classification-with-aggregated-features.ipynb,.ipynb,81575523a8c353a9b07471e22154790d547eb0b6a56243c2bb1cb3a724f46950,12766,4268,2452,110,13,13,5,0,67,strong,
Time-Series,ubiquant-market-prediction,40pct,958,Time-Series/ubiquant-market-prediction/rank958_40pct/xgboost-with-clustering-different-model-cluster.ipynb,.ipynb,8b25abed52d2f88cc69db432fb177486e8043f545ad487dac9213616ebb624d5,14739,6210,105,123,21,5,7,0,73,strong,
Time-Series,ubiquant-market-prediction,70pct,1707,Time-Series/ubiquant-market-prediction/rank1707_70pct/beginner-keras-end-to-end-solution-usingnbeats.ipynb,.ipynb,69a3ff73cd0e2baffd932c4fea05b0afb4efd497ffa35f0a94e0b528b3086842,6382,1514,1185,33,8,4,7,0,57,strong,
Time-Series,web-traffic-time-series-forecasting,1st,2,Time-Series/web-traffic-time-series-forecasting/rank2_1st/better-smape-for-out-of-box-l2-regression.ipynb,.ipynb,45fbeefcc9e5a9479e61e72eafcf197cc8aee74896969539cff197664cee739e,20251,6557,6524,145,18,19,4,0,66,strong,
Time-Series,web-traffic-time-series-forecasting,10pct,47,Time-Series/web-traffic-time-series-forecasting/rank47_10pct/top-50-silver-benchmark.ipynb,.ipynb,56c8c70c467b66d9fe88cf5ae51670518fc2f38abefb5c7a911169339c58cedd,5372,3455,89,66,4,4,1,0,27,usable,
Time-Series,web-traffic-time-series-forecasting,20pct,47,Time-Series/web-traffic-time-series-forecasting/rank47_20pct/top-50-silver-benchmark.ipynb,.ipynb,56c8c70c467b66d9fe88cf5ae51670518fc2f38abefb5c7a911169339c58cedd,5372,3455,89,66,4,4,1,0,27,usable,
Time-Series,web-traffic-time-series-forecasting,40pct,152,Time-Series/web-traffic-time-series-forecasting/rank152_40pct/beginning-web-traffic-time-series-forecasting.ipynb,.ipynb,df659eaebe301362e53b312c24a5dba469817bebcc7c8a658741bb25ebae1d79,6478,3505,131,51,9,4,4,0,53,strong,
Time-Series,web-traffic-time-series-forecasting,70pct,268,Time-Series/web-traffic-time-series-forecasting/rank268_70pct/calculate-smape-with-submission-and-solution.py,.py,b9118063c0423edc680f2512f66dc7b2f6ffd35b3588f731bca01911143a532f,1452,1452,0,34,1,0,1,0,-5,reject,submission_only
